type,number,title,login,labels,assignees,milestone,comments,"fixes issues","issue milestones",created_at
PR,5924,"Fixes #5914",Sesquipedalian,,,,0,,,2020-01-07
Issue,5923,"2.0.16 Changes Needs Merged",jdarwood007,,,RC3,0,,,2020-01-07
PR,5922,"Make backtrace link more visible to end users",SychO9,Tweak,,,0,5629,Final,2020-01-06
PR,5921,"Fix cloning of drafts when saving after a preview",SychO9,PM,,,0,5874,,2020-01-06
Issue,5920,"PM Drafts pagination not working",SychO9,PM,,,0,,,2020-01-06
Issue,5919,"Server Settings page error",SychO9,"Minor Bug",,,0,,,2020-01-06
PR,5918,"Theme adjustments (revised #5461)",SychO9,Theme,,,0,,,2020-01-06
Issue,5914,"Proxy cache cleanup",sbulen,Proxy,,,1,,,2020-01-04
Issue,5913,"Installer/upgrader should check for fileinfo",sbulen,"Installer, Upgrader",,,0,,,2020-01-03
Issue,5911,"Birthdate for those with no birthdates set",SychO9,"Database, MySQL",,,3,,,2020-01-01
PR,5909,"Add PHP 7.4 to Travis",Oldiesmann,"PHP version support",,,1,,,2019-12-30
Issue,5906,"Settings table only allows settings 30 characters long",jdarwood007,"Database, MySQL, Performance",,,14,,,2019-12-25
PR,5900,"Lock on writing cache",MissAllSunday,Caching,,Final,16,5826,Final,2019-12-17
PR,5893,"Alerts Configuration generates errors",jdarwood007,"Minor Bug",,RC3,0,,,2019-12-14
PR,5891,"PHP 7.4 Deprecations",jdarwood007,"Anti-spam, PHP version support, Package Manager, Posting, Registration",,RC3,12,,,2019-12-14
Issue,5881,"Long quote posts  Expand /  Shrink (Feature Request)",gevv,"New feature",,,2,,,2019-12-03
Issue,5879,"Confusing CSS",pouvik,Theme,,,1,,,2019-11-29
Issue,5878,"PM notification email: recipient redundancy",m4z,"Notifications, PM",,,2,,,2019-11-29
Issue,5877,"Search.php: 8: Undefined variable: approve_query",m4z,Search,,,2,,,2019-11-28
Issue,5874,"PM drafts - spawns clones",sbulen,PM,,,0,,,2019-11-22
PR,5871,"Confirm Logout and Redirects",jdarwood007,"Login/Sessions, Theme",,Final,0,5869,Final,2019-11-16
Issue,5869,"Logout should have a prompt screen",jdarwood007,Login/Sessions,,Final,0,,,2019-11-12
Issue,5868,"cron.php doesn't initialize smileys and attempts to use SERVER_PROTOCOL",m4z,"Background tasks",,,0,,,2019-11-10
Issue,5863,"Calendar holidays - show wrong dates in different timezones",sbulen,Calendar,,,0,,,2019-11-08
Issue,5862,"Calendar dropdowns - both date & time dropdown update the date field",sbulen,Calendar,,,1,,,2019-11-08
Issue,5858,"When I myself move or sticky a topic, I get notified (alert + mail)",m4z,Notifications,,Final,1,,,2019-11-04
Issue,5856,"Incorrect permissions on Package Manager dirs result in ""empty"" page",m4z,"Package Manager",,Final,0,,,2019-11-04
Issue,5847,"Spellcheck not showing",smfbigguy,"Editor, Spellcheck",,,0,,,2019-10-25
Issue,5843," Youtube bb and center alignment ",sbulen,BBC,,,1,,,2019-10-24
Issue,5842,"Default time for calendar events",sbulen,Calendar,Sesquipedalian,,1,,,2019-10-24
PR,5837,"Handle 4-byte utf8 in script.js",sbulen,Charset/Encoding,,Final,4,5804,Final,2019-10-22
Issue,5834,"Special chars in forum name (:) give gmail grief in mailings",sbulen,Mail,,,2,,,2019-10-19
Issue,5832,"Paid subscription doesn't notify user",sbulen,"Mail, Paid Subs",,,2,,,2019-10-19
Issue,5830,"Manage boards conflicts",sbulen,"Membergroups, Permissions",,,2,,,2019-10-18
Issue,5826,"Infrequent caching error for modSettings",sbulen,Caching,,Final,19,,,2019-10-09
Issue,5822,"Undefined index: can manage boards",sbulen,Notifications,,Final,0,,,2019-10-07
Issue,5821,"Setting conflicts - ""don't allow post text"" vs ""Receive message body in e-mails""",sbulen,Notifications,,Final,0,,,2019-10-07
PR,5820,"Allow to override the default behavior of db case sensitive",albertlast,"MySQL, PostgreSQL",,Final,11,,,2019-10-04
Issue,5818,"Child boards with new posts: presentation and PHP",StealthWombat,Theme,,Final,0,,,2019-10-03
PR,5815,"Implements new, more robust version of updateSettingsFile()",Sesquipedalian,"Enhancement, Installer, Performance, Upgrader",,Final,3,,,2019-09-30
PR,5812,"Misc theme fixes",SychO9,Theme,,,6,,,2019-09-29
Issue,5804,"preview didn't support mb4 chars",albertlast,"Charset/Encoding, Has fix",,Final,1,,,2019-09-14
Issue,5797,"1.1 upgrade issue",sbulen,"Has fix, Upgrader",,Final,0,,,2019-09-09
PR,5796,"Board category parse desc",MissAllSunday,Performance,,Final,8,5734,Final,2019-09-09
Issue,5792,"Previewing a Poll thread results in error message",m4z,Polls,,Final,1,,,2019-09-04
Issue,5785,"Helptext of Configuration > Themes and Layout",frandominguez03,Language,,Final,1,,,2019-08-28
Issue,5780,"Tweaking some hooks?",DiegoAndresCortes,Hooks,,Final,4,,,2019-08-23
PR,5765,"Fix some error around seek fixes #5764",albertlast,Boards,,Final,5,5764,Final,2019-08-16
Issue,5764,"Topic listing issues",SychO9,"Boards, Has fix",,Final,4,,,2019-08-14
PR,5763,"Responsive Tables",XinYenFon,Theme,,Final,3,"5594, 5587","Final, Final",2019-08-13
PR,5762,"fixes #5313",XinYenFon,Theme,,Final,1,,,2019-08-13
PR,5755,"Upgrader - 1.x issues - alt approach",sbulen,"MySQL, Upgrader",,Final,3,"5741, 5750, 5751, 5797","Final, Final, Final, Final",2019-07-27
Issue,5751,"Upgrader - challenges with 1.0 to 2.1 security",sbulen,"Has fix, Login/Sessions, Upgrader",,Final,4,,,2019-07-26
Issue,5750,"Upgrader - challenges with 1.0 to 2.1 upgrade",sbulen,"Has fix, MySQL, Upgrader",sbulen,Final,6,,,2019-07-26
PR,5745,"fix function registerMember (Subs-Members.php)",javier-es,Registration,,,13,,,2019-07-21
Issue,5741,"Upgrader - challenges with 1.1 to 2.1 upgrade",sbulen,"Has fix, MySQL, Upgrader",,Final,7,,,2019-07-20
PR,5736,"improve boards category parse_bbc fixes #5734",albertlast,Performance,,Final,13,5734,Final,2019-07-12
Issue,5734,"getBoardindex do call parse_bbc which takes 94% of the run time",albertlast,"Has fix, Performance",MissAllSunday,Final,12,,,2019-07-12
PR,5733,"Add remove link to the finished uninstall window",albertlast,"New feature",,Final,2,5731,Final,2019-07-11
PR,5732,"Add Cloudflare IP Support to the auto detection",albertlast,Tweak,,Final,6,,,2019-07-11
Issue,5731,"Link to delete Package on uninstall package",VBGAMER45,"Has fix, New feature",,Final,2,,,2019-07-08
PR,5729,"Prune log topics",sbulen,"New feature",,Final,3,5657,Final,2019-07-07
PR,5728,"Removed braces fixes #5727",albertlast,"PHP version support",,Final,0,5727,Final,2019-07-04
Issue,5727,"Deprecate curly brace syntax for accessing array elements and string offsets",jdarwood007,"Has fix, PHP version support",,Final,3,,,2019-07-04
PR,5722,"Change colum alter api of nullable",albertlast,Database,,Final,5,,,2019-06-22
PR,5710,"Check for notification opt-out setting change",sbulen,Notifications,,Final,0,5607,Final,2019-06-11
Issue,5670,"Stats should use https",jdarwood007,Https,jdarwood007,Final,2,,,2019-05-14
Issue,5668,"Error when on custom language edit page",SychO9,Language,Sesquipedalian,Final,3,,,2019-05-12
Issue,5665,"css generic control on menues",SychO9,Theme,,Final,1,,,2019-05-10
Issue,5657,"Should have a scheduled task for pruning log_topics",sbulen,"Has fix, New feature",,Final,10,,,2019-05-06
Issue,5656,"CORS policy blocks login popup on sub domains",jdarwood007,"New feature",,Final,5,,,2019-05-05
Issue,5650,"Default font size too small in mobile",avalyn2,Theme,,Final,7,,,2019-05-05
PR,5646,"Member search time warp",sbulen,Search,,Final,5,5274,Final,2019-05-03
Issue,5645,"Code bbc indentation gets lost",SychO9,Editor,,Final,0,,,2019-05-02
Issue,5629,"Should make the backtrace information more obvious in the error log",Sesquipedalian,Tweak,,Final,12,,,2019-04-26
Issue,5625,"Changing the language redirects to index.php",m4z,"Login/Sessions, Minor Bug",,Final,2,,,2019-04-25
Issue,5607,"Can't turn off general email notifications setting",SychO9,"Has fix, Notifications",,Final,0,,,2019-04-19
Issue,5594,"Unresponsive tables",SychO9,"Has fix, Theme",,Final,1,,,2019-04-11
Issue,5587,"Who's online and IPV6 (mobile)",kruimeltje93,"Has fix, Minor Bug, Theme",,Final,0,,,2019-04-09
Issue,5573,"Warning about blocked resource in console",dragomano,JavaScript,,Final,6,,,2019-04-04
PR,5552,"Unneeded hash_passwrd fields in Login.template.php (fixes #5519)",live627,Theme,,Final,0,,,2019-03-30
PR,5525,"Tidy the UI structure's css code",SychO9,Theme,,Final,0,,,2019-03-18
Issue,5519,"Unneeded hash_passwrd fields in Login.template.php",VBGAMER45,"Has fix, Theme",,Final,4,,,2019-03-13
PR,5502,"Doc fixes",Oldiesmann,Housekeeping,,Final,4,,,2019-03-11
Issue,5497,"An error when add any other non-English language packs",CiaoPlus,"JavaScript, Language",,Final,2,,,2019-03-10
Issue,5494,"Strange behavior of img/float tag parameters in post modify function",SychO9,BBC,Sesquipedalian,Final,1,,,2019-03-08
Issue,5480,"Incorrect unsubscribe link for topic notifications",Oldiesmann,Login/Sessions,Sesquipedalian,RC3,2,,,2019-03-02
Issue,5444,"Can't renable Hook from  Forum Maintenance  -> Integration Hooks",VBGAMER45,Hooks,MissAllSunday,Final,2,,,2019-02-17
Issue,5421,"Quickmoderation default options",Gwenwyfar,Tweak,,Final,4,,,2019-02-12
Issue,5414,"Wrong error message shown on upgrader",Gwenwyfar,"Language, Upgrader",,Final,1,,,2019-02-10
Issue,5368,"UI improvements needed for smiley editor",lurkalot,Smileys,,Final,16,,,2019-01-26
Issue,5366,"Update afrinic.net whois link",VBGAMER45,"Profile Fields",,Final,6,,,2019-01-26
Issue,5352,"Attachments Preview image not showing when Modifying post",lurkalot,"Attachments, Minor Bug",,Final,12,,,2019-01-19
PR,5337,"Prevent bogus mention notifications (fixes #5300)",Oldiesmann,"Mentions, Notifications",,Final,2,,,2019-01-09
Issue,5316,"FTPS/SFTP support",CoreISP,"New feature",,Final,3,,,2019-01-04
Issue,5314,"Should 'Likes' received by users be countable?",albertlast,Question,,Final,9,,,2019-01-03
Issue,5313,"Most liked messages display empty rows",Gwenwyfar,"Has fix, Theme",,Final,9,,,2019-01-02
Issue,5300,"mention bug",gevv,"Has fix, Mentions",,Final,16,,,2018-12-29
PR,5297,"Reply to Warning PM handling Issue #5267",shnazzle,"Moderation, PM, Tweak",,Final,0,,,2018-12-28
PR,5289,"Remove the number of Field Order in the display",albertlast,"Profile Fields, Theme",,Final,2,,,2018-12-26
PR,5286,"Implement new logic for sorting fixes #5278",albertlast,"Profile Fields",,Final,2,5278,Final,2018-12-26
Issue,5278,"Initial values for custom profile fields ordering",Arantor,"Has fix, Profile Fields",,Final,5,,,2018-12-25
Issue,5274,"Member search does not work properly - date mismatch?",Arantor,"Has fix, Search",,Final,5,,,2018-12-25
Issue,5267,"Private Message sent via Warning system has no recipient when replying",shnazzle,"Has fix, PM",,Final,25,,,2018-12-24
PR,5231,"Fixing Website Sort and Group sort for pg",albertlast,PostgreSQL,,Final,1,,,2018-12-22
PR,5222,"Fixing Pg pool connection and empty ip field error handling",albertlast,PostgreSQL,,Final,0,,,2018-12-21
PR,5197,"Improve the Query ""Posting activity by time""",albertlast,"Database, Enhancement",,Final,6,,,2018-12-12
PR,5180,"revamp database escaping fixes #5178",albertlast,Database,,,12,,,2018-11-29
Issue,5165,"Inconsistency with inline image attachments",Oldiesmann,Attachments,,Final,1,,,2018-11-23
Issue,5134,"Undefined offset for unapproved atachments",Underdog-01,Attachments,,Final,6,,,2018-11-10
Issue,5108,"utfmb4 database",Underdog-01,Database,,Final,21,,,2018-11-01
Issue,5106,"Need to provide unsubscribe links for announcement emails",Sesquipedalian,GDPR,Sesquipedalian,RC3,1,,,2018-10-31
PR,5102,"Some scrutinizer fixes",albertlast,Housekeeping,,Final,1,,,2018-10-30
Issue,5082,"Possible exploits in mentions?",Gwenwyfar,"Mentions, Notifications, Question",,Final,6,,,2018-10-23
PR,5081,"Allows full XML-based export of profile, posts, and personal messages",Sesquipedalian,GDPR,,RC3,20,,,2018-10-22
PR,4894,"[WIP] Added config_var type richedit to admin template",albertlast,"New feature",,Final,4,,,2018-08-06
PR,4892,"Add Privacy System to smf",albertlast,"GDPR, New feature",,RC3,50,,,2018-08-04
PR,4877,"Better Ban Edit flow",albertlast,Enhancement,,,4,,,2018-07-28
PR,4875,"Assign the array to saveTriggers function fixes #4867",albertlast,Moderation,,RC3,6,4867,RC3,2018-07-27
Issue,4867,"Cannot properly edit ban trigger",Arantor,"Has fix, Moderation",,RC3,2,,,2018-07-23
Issue,4713,"Mobile theme issues",Gwenwyfar,Theme,,Final,11,,,2018-04-14
Issue,4700,"show drafts link",illori,Enhancement,,Final,5,,,2018-04-05
Issue,4698,"editor keyboard shortcuts",illori,Editor,,,0,,,2018-04-05
Issue,4697,"Enable automatic saving of drafts",illori,Permissions,,Final,7,,,2018-04-05
Issue,4605,"Search allows query by wildcard only",Gwenwyfar,"Question, Search",,Final,6,,,2018-03-10
Issue,4595,"Better acessibility support",Gwenwyfar,Enhancement,,Final,2,,,2018-03-08
Issue,4541,"Add language fails to connect",Gwenwyfar,Language,,,7,,,2018-02-10
Issue,4361,"CAPTCHA doesn't work without GD",Arantor,Anti-spam,MissAllSunday,Final,7,,,2017-10-17
Issue,4066,"error log not all in default language",illori,Language,,RC3,15,,,2017-05-24
Issue,2878,"custom profile fields showing on buddy list in profile",illori,"Profile Fields",,Final,14,,,2015-05-24
Issue,2020,"grammar issue... 1 days",illori,Language,,Final,47,,,2014-07-02
Issue,473,"Moderation center menu permissions",illori,"Minor Bug, Moderation",,,5,,,2013-06-27
Issue,379,"unapprove first post, not unapprove thread",illori,"Enhancement, Moderation",,,8,,,2013-05-29
